category,topic,direction,flows,brokers,qos,retain,notes
VMC,/esp8266/brink/fanspeed,SUB(1),Dashboard Android App,emoncms mqtt,2,,
Altro / da classificare,/esp8266/hitachiAC/command,SUB(1),Dashboard Android App,emoncms mqtt,2,,
Luci,/esp8266/lightSensor_1/#,SUB(1),Light Sensors,domopi mqtt,2,,
Presenza,GiuseppeHomePresence,SUB(1) + PUB(2),OwnTracks | broadlink lights,domopi mqtt | emoncms mqtt,0 | 2,true,
Luci,LGtv/Toast/,SUB(1),broadlink lights,domopi mqtt,0,,
Luci,LGtv/power/,SUB(1),broadlink lights,domopi mqtt,0,,
Luci,LGtv/power/status,SUB(1) + PUB(1),broadlink lights,domopi mqtt,0,,
Energia e fotovoltaico,PWMController/value,PUB(1),Diverter,domopi mqtt,,,
Powerwall,TeslaPowerwall/SOE,SUB(3),AI climate | Android APP Bridge,emoncms mqtt,2,,
Powerwall,TeslaPowerwall/load_instant_power,SUB(3),AI climate | Android APP Bridge,emoncms mqtt,2,,
Powerwall,TeslaPowerwall/site_instant_power,SUB(2),Android APP Bridge | Dashboard Android App,emoncms mqtt,2,,
Powerwall,TeslaPowerwall/site_intant_power,SUB(1),Diverter,emoncms mqtt,2,,
Energia e fotovoltaico,TeslaPowerwall/solar_instant_power,SUB(3),AI climate | Android APP Bridge,emoncms mqtt,2,,
Alexa e voce,alexa/ac,PUB(1),Amazon Echo,emoncms mqtt,0,false,
Alexa e voce,alexa/caminetto,SUB(1) + PUB(1),Amazon Echo | Android APP Bridge,emoncms mqtt,0,false,
Alexa e voce,alexa/heatpump,PUB(1),Amazon Echo,emoncms mqtt,0,false,
Alexa e voce,alexa/resetCaminetto,PUB(1),Amazon Echo,emoncms mqtt,0,false,
Alexa e voce,alexa/vmc,SUB(2) + PUB(2),AI climate | Amazon Echo | Android APP Bridge,emoncms mqtt,0 | 1,false,
Comandi app,casa/clima/cmnd/+,SUB(1),AI climate,domopi mqtt,2,,
Comandi app,casa/clima/cmnd/AI_climate_enabling,SUB(3) + PUB(2),AI climate | Android APP Bridge,domopi mqtt,2,,
Comandi app,casa/clima/cmnd/deficit_tolerance_time,SUB(1),AI climate,domopi mqtt,1,,
Clima,casa/clima/cmnd/emergency_humidex_away,SUB(1),AI climate,domopi mqtt,1,,
Comandi app,casa/clima/cmnd/grace_mode_solar,SUB(1),AI climate,domopi mqtt,1,,
Comandi app,casa/clima/cmnd/min_off_time,SUB(1),AI climate,domopi mqtt,1,,
Comandi app,casa/clima/cmnd/min_run_time,SUB(1),AI climate,domopi mqtt,1,,
Clima,casa/clima/cmnd/target_humidex,SUB(1),AI climate,domopi mqtt,1,,
VMC,casa/clima/cmnd/vmc_max_notte,SUB(1) + PUB(2),AI climate | Android APP Bridge,domopi mqtt,1,true,
Diagnostica,casa/clima/log_eventi,SUB(1),AI climate,domopi mqtt,2,,
VMC,casa/clima/stat/vmc_max_notte,SUB(2),Android APP Bridge,domopi mqtt,2,,
Clima,casa/clima/stato_completo,SUB(3) + PUB(1),AI climate | Android APP Bridge,domopi mqtt,1 | 2,,
Termostati,cmnd/SmallBathroomThermostat/TEMPTARGETSET,SUB(1) + PUB(1),Dashboard Android App,domopi mqtt,2,true,
Termostati,cmnd/SmallBathroomThermostat/THERMOSTATMODESET,PUB(1),Dashboard Android App,domopi mqtt,,true,
Altro / da classificare,cmnd/tasmotaFrigorifero/PowerOnState,PUB(1),mqtt to emoncms,domopi mqtt,,,
Luci,cmnd/tasmota_86AD14/POWER,PUB(1),Dashboard Android App,emoncms mqtt,,true,
Termostati,cmnd/tasmota_F294D7/TEMPTARGETSET,SUB(1) + PUB(1),Dashboard Android App,domopi mqtt,2,true,
Termostati,cmnd/tasmota_F294D7/THERMOSTATMODESET,PUB(1),Dashboard Android App,domopi mqtt,,true,
Altro / da classificare,cmnd/tasmota_F32F4F/#,SUB(1),emoncms devices,domopi mqtt,2,,
Termostati,cmnd/tasmota_F32F4F/TEMPTARGETSET,SUB(1) + PUB(1),Dashboard Android App,domopi mqtt,2,true,
Termostati,cmnd/tasmota_F32F4F/THERMOSTATMODESET,PUB(1),Dashboard Android App,domopi mqtt,,true,
Impianti termici,emon/AC/ACstatus,SUB(1),Dashboard Android App,emoncms mqtt,2,,
Diagnostica,emon/AC/HPstatus,SUB(1),Dashboard Android App,emoncms mqtt,2,,
Clima,emon/AC/command,SUB(1) + PUB(2),AI climate,emoncms mqtt,2,true,
Clima,emon/AC/emeter_power,SUB(1),AI climate,emoncms mqtt,2,,
Impianti termici,emon/OTGcaldaia/flame,SUB(1),Dashboard Android App,emoncms mqtt,2,,
Impianti termici,emon/OTGcaldaia/modulation,SUB(1),Dashboard Android App,emoncms mqtt,2,,
Termostati,emon/TermostatLiving/Switch,SUB(1),Dashboard Android App,emoncms mqtt,2,,
Termostati,emon/TermostatMainBathroom/Switch,SUB(1),Dashboard Android App,emoncms mqtt,2,,
Altro / da classificare,emon/bagnoServizio/Switch,SUB(1),Dashboard Android App,emoncms mqtt,2,,
Sensori ambientali,emon/bagnoServizio/humidity,PUB(1),ZigBee sensors,emoncms mqtt,2,true,
Sensori ambientali,emon/bagnoServizio/temperature,SUB(1) + PUB(1),Dashboard Android App | ZigBee sensors,emoncms mqtt,2,true,
Telecamere,emon/cameraMatrimoniale/humidex,SUB(1) + PUB(1),Android APP Bridge | Dashboard Android App,emoncms mqtt,2,,
Sensori ambientali,emon/cameraMatrimoniale/humidity,SUB(1) + PUB(1),Dashboard Android App | ZigBee sensors,emoncms mqtt,2,true,
Sensori ambientali,emon/cameraMatrimoniale/temperature,SUB(2) + PUB(1),AI climate | Dashboard Android App | ZigBee sensors,emoncms mqtt,2,true,
Sensori ambientali,emon/cameretta/humidity,PUB(1),ZigBee sensors,emoncms mqtt,2,true,
Sensori ambientali,emon/cameretta/temperature,PUB(1),ZigBee sensors,emoncms mqtt,2,true,
Sensori ambientali,emon/centraleTermica/humidity,PUB(1),ZigBee sensors,emoncms mqtt,2,true,
Sensori ambientali,emon/centraleTermica/temperature,PUB(1),ZigBee sensors,emoncms mqtt,2,true,
Sensori ambientali,emon/emonth5/humidex,SUB(1) + PUB(1),Android APP Bridge | Dashboard Android App,emoncms mqtt,2,,
Sensori ambientali,emon/emonth5/humidity,SUB(3),Android APP Bridge | Dashboard Android App,emoncms mqtt,2,,
Sensori ambientali,emon/emonth5/temperature_calibrated,SUB(5),AI climate | Android APP Bridge | Dashboard Android App,emoncms mqtt,2,,
Energia e fotovoltaico,emon/emontx3/power1,SUB(2),Dashboard Android App | Google Webhook,emoncms mqtt,2,,
Luci,emon/emontx3/power2,SUB(3),Dashboard Android App | Google Webhook | broadlink lights,emoncms mqtt,2,,
Impianti termici,emon/focolare/powerraw,SUB(2),Android APP Bridge | Dashboard Android App,emoncms mqtt,2,,
Impianti termici,emon/resolDL2/pump1,SUB(1),Dashboard Android App,emoncms mqtt,2,,
Sensori ambientali,emon/resolDL2/sensor1,SUB(3),Android APP Bridge | Dashboard Android App,emoncms mqtt,2,,
Sensori ambientali,emon/resolDL2/sensor2,SUB(3),Android APP Bridge | Dashboard Android App,emoncms mqtt,2,,
Sensori ambientali,emon/resolDL2/sensor3,SUB(3),Android APP Bridge | Dashboard Android App,emoncms mqtt,2,,
Sensori ambientali,emon/shellyACS/tempACS,SUB(3),Android APP Bridge | Dashboard Android App,emoncms mqtt,2,,
Sensori ambientali,emon/shellyBagnocamera/temperature_calibrated,SUB(1),Dashboard Android App,emoncms mqtt,2,,
Altro / da classificare,emon/tasmotaFrigorifero/power,PUB(1),mqtt to emoncms,emoncms mqtt,2,true,
Altro / da classificare,emon/tasmotaFrigorifero/tasmotaCurrent,PUB(1),mqtt to emoncms,emoncms mqtt,2,true,
Altro / da classificare,emon/tasmotaFrigorifero/tasmotaVoltage,PUB(1),mqtt to emoncms,emoncms mqtt,2,true,
Sensori ambientali,emon/weather/RelativeHumidity,SUB(1),Dashboard Android App,emoncms mqtt,2,,
Sensori ambientali,emon/weather/extHumidity,SUB(1) + PUB(1),Dashboard Android App | ZigBee sensors,emoncms mqtt,2,true,
Sensori ambientali,emon/weather/extTemp,SUB(1) + PUB(1),Dashboard Android App | ZigBee sensors,emoncms mqtt,2,true,
Sensori ambientali,emon/weather/tomorrowSolarIrradiance,SUB(1),start local scripts,emoncms mqtt,2,,
Altro / da classificare,homeassistant_voice,SUB(1),Dashboard Android App,domopi mqtt,2,,
Irrigazione,opensprinkler/#,SUB(1),opensprinkler relay,domopi mqtt,2,,
Presenza,owntracks/#,SUB(1),OwnTracks,domopi mqtt,2,,
Presenza,owntracks/zaradomo/giuseppe/event,SUB(1),OwnTracks,domopi mqtt,2,,
Luci,shellies/shelly1-771284/relay/0,SUB(4),Android APP Bridge | Dashboard Android App,emoncms mqtt,2,,
Luci,shellies/shelly1-771284/relay/0/command,PUB(1),Amazon Echo,emoncms mqtt,,true,
Luci,shellies/shelly1-98F4ABF294D7/relay/0,SUB(1),Dashboard Android App,emoncms mqtt,2,,
Luci,shellies/shelly1-98F4ABF294D7/relay/0/command,PUB(1),Amazon Echo,emoncms mqtt,,true,
Luci,shellies/shelly1-B8B350/relay/0,SUB(1),Dashboard Android App,emoncms mqtt,2,,
Luci,shellies/shelly1-B8B350/relay/0/command,PUB(1),Amazon Echo,emoncms mqtt,,true,
Luci,shellies/shelly1-B8C284/relay/0,SUB(3),Android APP Bridge | Dashboard Android App,emoncms mqtt,2,,
Luci,shellies/shelly1-B8C284/relay/0/command,PUB(1),Amazon Echo,emoncms mqtt,,true,
Luci,shellies/shelly1-B92AF0/relay/0,SUB(3),Android APP Bridge | Dashboard Android App,emoncms mqtt,2,,
Luci,shellies/shelly1-B92AF0/relay/0/command,PUB(1),Amazon Echo,emoncms mqtt,,true,
Sensori ambientali,tele/tasmotaFrigorifero/SENSOR,SUB(1),mqtt to emoncms,domopi mqtt,2,,
Comandi app,zara/android/domotica/#,SUB(1),Android APP Bridge,domopi mqtt,2,,
Comandi app,zara/android/domotica/scene/set,SUB(2),Android APP Bridge,domopi mqtt,2,,
Clima,zara/domotics/AC/command,SUB(2) + PUB(1),AI climate | Dashboard Android App,domopi mqtt,2,,
Altro / da classificare,zara/domotics/ACAuto,SUB(3) + PUB(3),Android APP Bridge | Dashboard Android App,domopi mqtt,0 | 2,true,
Clima,zara/domotics/BedroomHumidex,SUB(1),AI climate,emoncms mqtt,2,,
Altro / da classificare,zara/domotics/HP/abilitata,SUB(1) + PUB(1),Dashboard Android App,emoncms mqtt,2,true,
Altro / da classificare,zara/domotics/HP/solardivertmode,SUB(1) + PUB(1),Dashboard Android App,emoncms mqtt,2,true,
Clima,zara/domotics/LivingHumidex,SUB(1),AI climate,emoncms mqtt,2,,
Termostati,zara/domotics/SmallBathroomThermostatMaxValue,SUB(1) + PUB(1),Dashboard Android App,emoncms mqtt,0 | 2,true,
Termostati,zara/domotics/SmallBathroomThermostatMinValue,SUB(1) + PUB(1),Dashboard Android App,emoncms mqtt,0 | 2,true,
Impianti termici,zara/domotics/attivaACS,PUB(1),Amazon Echo,emoncms mqtt,1,true,
Diagnostica,zara/domotics/clima_log_eventi,SUB(1) + PUB(1),AI climate,emoncms mqtt,2,,
Altro / da classificare,zara/domotics/controlloAutomaticoPotenzaCaminetto,SUB(1) + PUB(1),Dashboard Android App,emoncms mqtt,0 | 2,true,
Impianti termici,zara/domotics/floorpumpstate,SUB(1),Dashboard Android App,emoncms mqtt,2,,
Luci,zara/domotics/lights/bedroomlight,PUB(1),broadlink lights,domopi mqtt,,true,
Luci,zara/domotics/lights/livinglamp,SUB(3) + PUB(1),Android APP Bridge | Dashboard Android App | broadlink lights,domopi mqtt,2,true,
Luci,zara/domotics/lights/poolfloor,SUB(3) + PUB(1),Android APP Bridge | Dashboard Android App | broadlink lights,domopi mqtt,2,true,
Luci,zara/domotics/lights/poollight,SUB(3) + PUB(1),Android APP Bridge | Dashboard Android App | broadlink lights,domopi mqtt,2,true,
Luci,zara/domotics/lights/poolpump,SUB(4) + PUB(1),Android APP Bridge | Dashboard Android App | broadlink lights,domopi mqtt,2,true,
Piscina,zara/domotics/lights/poolskimmer,SUB(4) + PUB(1),Android APP Bridge | Dashboard Android App | broadlink lights,domopi mqtt,2,true,
Luci,zara/domotics/lights/prolunga,SUB(1) + PUB(1),Dashboard Android App | broadlink lights,domopi mqtt,2,true,
Luci,zara/domotics/lights/readinglight,SUB(2) + PUB(1),Android APP Bridge | Dashboard Android App | broadlink lights,domopi mqtt,2,true,
Luci,zara/domotics/lights/shelflamp,SUB(3) + PUB(1),Android APP Bridge | Dashboard Android App | broadlink lights,domopi mqtt,2,true,
Luci,zara/domotics/lights/tvlamp,SUB(3) + PUB(1),Android APP Bridge | Dashboard Android App | broadlink lights,domopi mqtt,2,true,
Altro / da classificare,zara/domotics/livingThemostatMaxValue,SUB(1) + PUB(1),Dashboard Android App,emoncms mqtt,0 | 2,true,
Altro / da classificare,zara/domotics/livingThemostatMinValue,SUB(1) + PUB(1),Dashboard Android App,emoncms mqtt,0 | 2,true,
Altro / da classificare,zara/domotics/luciECO,SUB(3) + PUB(3),Android APP Bridge | Dashboard Android App,domopi mqtt,0 | 2,true,
Piscina,zara/domotics/luciPiscinaAuto,SUB(3) + PUB(3),Android APP Bridge | Dashboard Android App,domopi mqtt,0 | 2,true,
Altro / da classificare,zara/domotics/modalitavacanza,SUB(3) + PUB(3),Android APP Bridge | Dashboard Android App,domopi mqtt,0 | 2,true,
Impianti termici,zara/domotics/palazzetti/#,SUB(1),Android APP Bridge,emoncms mqtt,0,,
Impianti termici,zara/domotics/palazzetti/acceso,SUB(1),Dashboard Android App,emoncms mqtt,2,,
Impianti termici,zara/domotics/palazzetti/modalita,SUB(1) + PUB(1),Dashboard Android App,emoncms mqtt,0 | 2,true,
Impianti termici,zara/domotics/palazzetti/oraavvio,SUB(1) + PUB(1),Dashboard Android App,emoncms mqtt,2,true,
Impianti termici,zara/domotics/palazzetti/oraspegnimento,SUB(1) + PUB(1),Dashboard Android App,emoncms mqtt,2,true,
Altro / da classificare,zara/domotics/pompapavimento/abilitata,SUB(1) + PUB(1),Dashboard Android App,emoncms mqtt,2,true,
Sensori ambientali,zara/domotics/porch_sensor,SUB(2) + PUB(2),Android APP Bridge | Dashboard Android App,domopi mqtt,0,true,
Altro / da classificare,zara/domotics/time_range,PUB(1),Android APP Bridge,domopi mqtt,,true,
Altro / da classificare,zigbee2mqtt/+,SUB(2),Android APP Bridge,domopi mqtt,1,,
Sensori ambientali,zigbee2mqtt/IkeaMotion_cucina_outdoor,SUB(1),ZigBee sensors,domopi mqtt,2,,
Sensori ambientali,zigbee2mqtt/IkeaMotion_ingresso_principale,SUB(1),ZigBee sensors,domopi mqtt,2,,
Sensori ambientali,zigbee2mqtt/IkeaMotion_ingresso_secondario,SUB(1),ZigBee sensors,domopi mqtt,2,,
Sensori ambientali,zigbee2mqtt/IkeaMotion_lavanderia,SUB(1),ZigBee sensors,domopi mqtt,2,,
Sensori ambientali,zigbee2mqtt/IkeaMotion_pompeiana,SUB(1),ZigBee sensors,domopi mqtt,2,,
Telecamere,zigbee2mqtt/Sonoff AirGuard TH camera matrimoniale,SUB(3),Android APP Bridge | ZigBee sensors,domopi mqtt | emoncms mqtt,2,,
Sensori ambientali,zigbee2mqtt/Sonoff AirGuard TH esterno cucina,SUB(3),Android APP Bridge | ZigBee sensors,domopi mqtt,2,,
Sensori ambientali,zigbee2mqtt/TU-bagnoServizio,SUB(1),ZigBee sensors,domopi mqtt,2,,
Sensori ambientali,zigbee2mqtt/TU-cameraMatrimoniale,SUB(1),ZigBee sensors,domopi mqtt,2,,
Sensori ambientali,zigbee2mqtt/TU-cameretta,SUB(1),ZigBee sensors,domopi mqtt,2,,
Sensori ambientali,zigbee2mqtt/TU-centraleTermica,SUB(1),ZigBee sensors,domopi mqtt,2,,
Sensori ambientali,zigbee2mqtt/TU-cucinaEsterno,SUB(4),AI climate | Android APP Bridge | ZigBee sensors,domopi mqtt,2,,
Sensori ambientali,zigbee2mqtt/bridge/info,SUB(1),ZigBee sensors,domopi mqtt,2,,
Sensori ambientali,zigbee2mqtt/bridge/response/health_check,PUB(1),ZigBee sensors,domopi mqtt,2,,
Sensori ambientali,zigbee2mqtt/bridge/state,SUB(1),ZigBee sensors,domopi mqtt,2,,
