node_id,type,name,topic,disabled,wired_inputs,wired_outputs,x,y
5b75b9e882dcebfb,inject,inject,,False,0,1,120,60
ad2a868186bbe8b6,function,function 29,,False,1,0,450,60
8c073d7419d1dffd,mqtt out,Esecuzione Hardware,,True,1,0,1560,100
922c37cd6061d20d,link out,living lamp,,False,1,0,2665,100
42c039cfb62a43a2,mqtt in,mqtt in,,False,1,1,90,140
029b611c762d7219,function,Inbound Router Luci,,False,1,3,1300,140
a89af6972dad9174,switch,switch,,False,1,11,2050,140
6122f365974f8e81,link out,libreria lamp,,False,1,0,2665,140
ef9798fe30ae6866,function,App Main Router,,False,1,4,450,160
a2dee99a8aabfa65,link out,acqua piscina,,False,1,0,2665,180
32cee04caba8f08c,link out,pedana piscina,,False,1,0,2665,220
89954a9f76c30a86,link out,skimmer piscina,,False,1,0,2775,240
43e23783c7995259,link out,ingresso secondario lamp,,False,1,0,2665,260
7791ad427b6f5f1c,link out,pompa                  piscina,,False,1,0,2775,280
84c3df06feb9b407,link out,reading lamp,,False,1,0,2665,300
30036127a21d4c88,mqtt in,App -> Comando Scene Luci,zara/android/domotica/scene/set,True,0,1,880,320
70eb35fe1afd6ca1,change,change,,False,2,1,1740,320
ab5a8128c40101c8,switch,switch,,False,1,4,2050,320
ab8e8c591cefc337,function,Configurazione Sottoscrizione Dinamica,,False,1,1,300,340
15807337bbd41c74,link out,tv lamp,,False,1,0,2665,340
24d6cff0d9066ef9,link out,portico lamp,,False,1,0,2665,380
e013eff044c3181f,link out,lavanderia lamp,,False,1,0,2665,420
a0d11861533edef2,link in,app_base_topic,,False,0,1,145,560
5d2d6ba3ad4c3262,mqtt in,zara/domotics/lights/readinglight,zara/domotics/lights/readinglight,False,0,1,890,560
ba0948194022d617,mqtt in,Ascolto Hardware Reale,zigbee2mqtt/+,False,0,1,890,640
b49453f6cdbbab3d,mqtt in,zara/domotics/lights/livinglamp,zara/domotics/lights/livinglamp,False,0,1,880,700
adc28b24d02d7375,link out,tv mode,,False,1,0,2655,700
8e3fcbfc031083cc,mqtt in,zara/domotics/lights/shelflamp,zara/domotics/lights/shelflamp,False,0,1,880,740
38205514f8536bf7,link out,sleep mode,,False,1,0,2655,740
f169b915a19f8af6,mqtt in,zara/domotics/lights/tvlamp,zara/domotics/lights/tvlamp,False,0,1,870,780
215bafdadd7f6f24,link out,tutte luci on,,False,1,0,2655,780
118da562063f2d9a,mqtt in,shellies/shelly1-771284/relay/0,shellies/shelly1-771284/relay/0,False,0,1,890,820
945dbfd0acff705d,link out,tutte luci off,,False,1,0,2655,820
3f0b0e50b51f8568,mqtt in,shellies/shelly1-B92AF0/relay/0,shellies/shelly1-B92AF0/relay/0,False,0,1,890,860
e338f28f56433e4c,mqtt in,shellies/shelly1-B8C284/relay/0,shellies/shelly1-B8C284/relay/0,False,0,1,890,900
c5fbbdc4bdf7fbe0,mqtt in,zara/domotics/lights/poollight,zara/domotics/lights/poollight,False,0,1,880,940
3174da2bdd10ea30,mqtt in,zara/domotics/lights/poolfloor,zara/domotics/lights/poolfloor,False,0,1,880,980
3f8fefa8f0d98ffd,mqtt in,zara/domotics/lights/poolskimmer,zara/domotics/lights/poolskimmer,False,0,1,890,1020
04eee2d096fc8523,mqtt in,zara/domotics/lights/poolpump,zara/domotics/lights/poolpump,False,0,1,880,1060
b5960f2b4677e29c,function,Outbound Router Luci,,False,12,1,1940,1100
db523ff6c9bae47c,mqtt in,MQTT Potenza Produzione FV (FV W),TeslaPowerwall/site_instant_power,False,0,1,850,1140
d433e0dab61b2778,function,function 32,,False,1,1,1250,1160
326768da85a5d990,mqtt in,MQTT Potenza Casa (Load W),TeslaPowerwall/load_instant_power,False,0,1,870,1180
6223c2899c0ae992,mqtt in,MQTT Potenza Produzione FV (FV W),TeslaPowerwall/solar_instant_power,False,0,1,850,1220
69d0e373d832b240,mqtt in,MQTT SOC Batt,TeslaPowerwall/SOE,False,0,1,920,1260
966f722b97b6dfd5,function,Gateway Energia,,False,9,1,1930,1260
efe270ec96f87af7,mqtt in,emon/resolDL2/sensor2,emon/resolDL2/sensor2,False,0,1,900,1320
0b370faa3935fe88,mqtt in,emon/resolDL2/sensor3,emon/resolDL2/sensor3,False,0,1,900,1360
9ac2eb0ded5a2efd,mqtt in,emon/resolDL2/sensor1,emon/resolDL2/sensor1,False,0,1,900,1400
8c0fe215629e8f46,mqtt in,emon/shellyACS/tempACS,emon/shellyACS/tempACS,False,0,1,890,1440
5c91c3fd74fc6cd6,change,change,,False,1,1,1540,1460
fe21b464ce170529,mqtt in,casa/clima/stato_completo,casa/clima/stato_completo,False,0,1,890,1500
e21a5bab7aaa539f,mqtt out,Aggiorna Stato App (Retain),,False,7,0,3300,1600
bd8d66b09aae991f,function,Inbound Router Termostati,,False,1,1,540,1620
ac1dc3384afb5a6b,mqtt in,Ascolto Stato AI e TRV,casa/clima/stato_completo,False,0,1,1160,1620
fc51aac30db89430,function,Outbound Router Termostati,,False,1,1,1420,1660
893cab22b022f9f7,function,Inbound Router VMC,,False,1,1,480,1760
cbd2fb713ffc6cb0,link out,link out 6,,False,1,0,665,1760
5268685dd658fbe0,mqtt in,App -> Target VMC,alexa/vmc,False,0,1,820,1760
cb6b6b6eff77245e,function,Outbound Router VMC,,False,1,1,1080,1760
831724587f5922f7,mqtt in,humidex living,emon/emonth5/humidex,False,0,1,1110,1860
f22c31479e1b1d5b,mqtt in,emon/cameraMatrimoniale/humidex,emon/cameraMatrimoniale/humidex,False,0,1,1180,1900
cee938eea10f7bd4,mqtt in,zigbee2mqtt/TU-cucinaEsterno,zigbee2mqtt/TU-cucinaEsterno,False,0,0,870,1920
232f8e2188161e4c,mqtt in,MQTT humidity living,emon/emonth5/humidity,False,0,1,1020,1980
1c21da7cdc55c2ae,mqtt in,MQTT temperatura living,emon/emonth5/temperature_calibrated,False,0,1,1010,2020
84374abab73c53ba,function,Gateway Ambienti,,False,6,1,1970,2040
c8bf45a2bc859241,mqtt in,zigbee2mqtt/Sonoff AirGuard TH camera matrimoniale,zigbee2mqtt/Sonoff AirGuard TH camera matrimoniale,False,0,1,920,2060
11f0be7d90a47f54,mqtt in,MQTT Sonoff AirGuard TH esterno cucina,zigbee2mqtt/Sonoff AirGuard TH esterno cucina,False,0,1,960,2100
01283d5864cde9b4,function,Inbound Router Settaggi,,False,1,1,610,2280
1d09b533095d68c1,mqtt out,zara/domotics/modalitavacanza,zara/domotics/modalitavacanza,False,1,0,1110,2280
28256464972b2329,mqtt in,zara/domotics/modalitavacanza,zara/domotics/modalitavacanza,False,0,1,1670,2280
b51bd73002b7f88b,mqtt out,zara/domotics/luciECO,zara/domotics/luciECO,False,1,0,1080,2340
c698d126b68e11f8,mqtt in,zara/domotics/luciECO,zara/domotics/luciECO,False,0,1,1700,2340
e3e42f614574d29c,switch,switch,,False,1,8,830,2360
cf899af1e8162086,function,Outbound Router Settaggi,,False,7,1,2050,2360
3bfeb435fb6e3132,mqtt out,zara/domotics/luciPiscinaAuto,zara/domotics/luciPiscinaAuto,False,1,0,1110,2400
5b7675e55cbc4b81,mqtt in,zara/domotics/luciPiscinaAuto,zara/domotics/luciPiscinaAuto,False,0,1,1680,2400
a40733727fb29c55,mqtt out,zara/domotics/ACAuto,zara/domotics/ACAuto,False,1,0,1080,2460
6571bf1f8e667903,mqtt in,zara/domotics/ACAuto,zara/domotics/ACAuto,False,0,1,1700,2460
3db3a26c676e583c,mqtt out,casa/clima/cmnd/vmc_max_notte,casa/clima/cmnd/vmc_max_notte,False,1,0,1120,2520
6bf7b6d43cfb3fc3,mqtt in,casa/clima/stat/vmc_max_notte,casa/clima/stat/vmc_max_notte,False,0,1,1670,2520
0af2db132cc8cd0f,mqtt out,casa/clima/cmnd/AI_climate_enabling,casa/clima/cmnd/AI_climate_enabling,False,1,0,1130,2580
4b484152120e2d18,mqtt in,casa/clima/cmnd/AI_climate_enabling,casa/clima/cmnd/AI_climate_enabling,False,0,1,1650,2580
d073880643e29f9e,mqtt out,zara/domotics/porch_sensor,zara/domotics/porch_sensor,False,1,0,1100,2640
fc0ba16b2241adf1,mqtt in,zara/domotics/porch_sensor,zara/domotics/porch_sensor,False,0,1,1680,2640
2b99835ee36a758d,mqtt out,zara/domotics/time_range,zara/domotics/time_range,False,1,0,1090,2700
mqtt_out_locale,mqtt out,MQTT Locale (App & ESP),,False,1,0,1470,3020
mqtt_in_palazzetti,mqtt in,zara/domotics/palazzetti/#,zara/domotics/palazzetti/#,False,0,1,870,3040
funzione_ponte_caminetto,function,Ponte Traduttore Caminetto,,False,3,2,1120,3060
mqtt_in_app_cmnd,mqtt in,alexa/caminetto,alexa/caminetto,False,0,1,840,3100
mqtt_out_alexa,mqtt out,MQTT Esterno (Alexa),,True,1,0,1460,3100
8022e945f076fa2f,mqtt in,emon/focolare/powerraw,emon/focolare/powerraw,False,0,1,870,3180
df37ade7eb3a3f9e,link in,storico 7gg,,False,0,1,95,3300
bb9aca93c54b36f1,function,function 33,,False,1,1,230,3300
59b830f96fe6bb19,mqtt in,mqtt in,,False,1,1,430,3300
c8bcd6a16c1bb598,function,Query Storico 7gg,,False,1,1,670,3300
6067fbe89079d1b4,mysql,MariaDB domotica ZaraDomotica / ZaraDomotica,,False,1,1,1010,3300
47032d1afbd3badf,function,Formatta Response App,,False,1,1,1370,3300
302a2960a9fdf64f,mqtt out,mqtt out,,False,1,0,1650,3300
