node_id,widget_type,label,title,name,ui_tab,ui_group,order,width,height,topic,min,max,step,format,disabled
7cc35f13028d320b,ui_spacer,,,spacer,Termostati,Living,6,1,1,,,,,,False
c0c8b1fef5a96e04,ui_spacer,,,spacer,Termostati,Living,8,1,1,,,,,,False
8a7ea2ab5ebee693,ui_spacer,,,spacer,Termostati,Bagno Camera,5,1,1,,,,,,False
1cd96cb0c358e6d8,ui_spacer,,,spacer,Termostati,Bagno Camera,7,1,1,,,,,,False
8aa981ccbe24b4ad,ui_spacer,,,spacer,Termostati,Bagno Servizio,5,1,1,,,,,,False
e0f43d4aa1a32fb3,ui_spacer,,,spacer,Termostati,Bagno Servizio,7,1,1,,,,,,False
da2e1f45.33e288,ui_switch,Sala,,,Illuminazione,Illuminazione,2,0,0,,,,,,False
ad32e56b.84cfe,ui_switch,Libreria,,,Illuminazione,Illuminazione,3,0,0,,,,,,False
7a84beaa.30de78,ui_switch,Televisione,,,Illuminazione,Illuminazione,4,0,0,,,,,,False
c34afda4.5fb698,ui_gauge,watt,Fotovoltaico,,Energia,Energia,2,5,4,,0,3000,,{{value}},False
3277f0b9.66be28,ui_gauge,watt,Consumo,,Energia,Energia,1,5,4,,0,3000,,{{value}},False
7a8867d5.22928,ui_gauge,watt,Grid,,Energia,Energia,3,5,4,,-3000,3000,,{{value}},False
52266b5f.aec394,ui_slider,,,,VMC,VMC,2,0,0,,1,4,1,,False
d9e717a8.22bbd8,ui_gauge,,Fan Speed,,VMC,VMC,1,0,0,,1,4,,{{value}},False
b2d18fc6.b31b28,ui_switch,{{msg.topic}},,,Impianti Termici,Termo Focolare,8,0,0,,,,,,False
79f13b45.97b324,ui_gauge,,Livello Potenza,,Impianti Termici,Termo Focolare,9,0,0,,1,6,,{{value}},False
f8704c83.c71d3,ui_slider,,,,Impianti Termici,Termo Focolare,10,0,0,,1,6,1,,False
d18037e8.b36368,ui_gauge,°C,Temp Living,,Ambienti,Ambiente,2,6,4,,15,30,,{{value | number:1}},False
b4d30aad.66d788,ui_gauge,%,Umidità Living,,Ambienti,Ambiente,4,6,4,,30,70,,{{value | number:1}},False
6f149299.5cb66c,ui_gauge,°C,Temp Esterno,,Ambienti,Ambiente,6,6,4,,-10,50,,{{value | number:1}},False
af505d22.639058,ui_gauge,%,Umidità Esterno,,Ambienti,Ambiente,7,6,4,,40,100,,{{value | number:1}},False
e1e32b35.e52bd,ui_gauge,°C,Temp Camera,,Ambienti,Ambiente,3,6,4,,10,30,,{{value | number:1}},False
d0897d5b.aa1ac,ui_gauge,%,Umidità Camera,,Ambienti,Ambiente,5,6,4,,30,70,,{{value | number:1}},False
2857c6d4.4058c2,ui_gauge,°C,Puffer Basso,,Impianti Termici,Riserva Energia,3,0,0,,15,60,,{{value}},False
be60be33.05f138,ui_gauge,°C,Puffer Alto,,Impianti Termici,Riserva Energia,2,0,0,,15,60,,{{value}},False
87954e09.e579d8,ui_gauge,°C,Temp Collettore,,Impianti Termici,Solare,1,0,0,,30,60,,{{value}},False
4b70e660.2e1ac,ui_gauge,%,Modulazione Fiamma,,Impianti Termici,Caldaia Gas,2,0,0,,0,100,,{{value}},False
440c7fad.dc5698,ui_gauge,%,Velocità Pompa Solare,,Impianti Termici,Solare,2,0,0,,0,100,,{{value}},False
2cd6dfa8.fbf38,ui_chart,,,,Energia,Potenza Impegnata,1,0,0,,,,,,False
71aeaed6.a4d5b8,ui_button,TV Mode,,,Illuminazione,Illuminazione,10,0,0,,,,,,False
53b3ae4.c08ccd,ui_button,Sleep Mode,,,Illuminazione,Illuminazione,11,0,0,,,,,,False
9304c080.4e8648,ui_audio,,,,Ambienti,Ambiente,,,,,,,,,False
571e702d.9d50f,ui_numeric,Auto,,,Impianti Termici,Raffrescamento,3,0,0,,23,25,1,{{value}} °C,False
b0585e6a.102df8,ui_numeric,Eco,,,Impianti Termici,Pompa Calore,3,0,0,,16,22,1,{{value}} °C,False
6a5b9988.ef37d,ui_switch,{{msg.topic}},,,Impianti Termici,Pompa Calore,2,0,0,,,,,,False
6b9c0d86.28690c,ui_switch,{{msg.topic}},,,Impianti Termici,Raffrescamento,1,0,0,,,,,,False
669bf54a.91031c,ui_switch,{{msg.topic}},,,Impianti Termici,Caldaia Gas,1,0,0,,,,,,False
117544a9.1ec7cb,ui_switch,{{msg.topic}},,,Impianti Termici,Pompa Pavimento,2,0,0,,,,,,False
5106781e.4510f8,ui_chart,,,,Impianti Termici,Caldaia Gas,3,0,0,,,,,,False
cb66f5c8.2fe798,ui_text,,,,Impianti Termici,Pompa Pavimento,3,0,0,,,,,{{msg.payload}},False
f558b36d.f31058,ui_chart,,,,Energia,Immissione Rete,1,0,0,,,,,,False
a52920f.8a0476,ui_button,Tutte accese,,,Illuminazione,Illuminazione,12,0,0,,,,,,False
e5c6a02.cf0d46,ui_button,Tutte spente,,,Illuminazione,Illuminazione,13,0,0,,,,,,False
5b09c0b9.4337a8,ui_gauge,%,Humidex Living,,Ambienti,Ambiente,10,6,4,,20,40,,{{value}},False
68a719f0.7b201,ui_gauge,%,Humidex Camera,,Ambienti,Ambiente,11,6,4,,20,40,,{{value}},False
6133291c.dec6b8,ui_text,20 to 29: Little to no discomfort,,,Ambienti,Ambiente,12,0,0,,,,,{{msg.payload}},False
d2c1fbdb.a11fd,ui_text,30 to 39: Some discomfort,,,Ambienti,Ambiente,13,0,0,,,,,{{msg.payload}},False
54a78b50.d8d164,ui_text,40 to 45: Great discomfort; avoid exertion,,,Ambienti,Ambiente,14,0,0,,,,,{{msg.payload}},False
c1dd0739.a1085,ui_text,Above 45: Dangerous; heat stroke quite possible,,,Ambienti,Ambiente,15,0,0,,,,,{{msg.payload}},False
b60e2fe7.7ab5d,ui_switch,Luci Pedana,,,Piscina,Piscina,8,0,0,,,,,,False
cd1ccb1e.905148,ui_switch,Luci Piscina,,,Piscina,Piscina,8,0,0,,,,,,False
c271f396.13951,ui_switch,Skimmer,,,Piscina,Piscina,8,0,0,,,,,,False
56cc08d8.9817a8,ui_switch,Pompa Filtro,,,Piscina,Piscina,8,0,0,,,,,,False
935580ba.7a1ab,ui_switch,Alarm,,,Illuminazione,Illuminazione,14,0,0,,,,,,False
f411d570.e8603,ui_dropdown,Modalità,,,Impianti Termici,Termo Focolare,1,0,0,,,,,,False
71df72.4af1f09,ui_numeric,Ora avvio,,,Impianti Termici,Termo Focolare,4,0,0,,0,24,1,{{value}},True
8a7f1773.ada928,ui_numeric,Min avvio,,,Impianti Termici,Termo Focolare,5,0,0,,0,45,15,{{value}},True
31fd687b.0377c8,ui_numeric,Ora spegnimento,,,Impianti Termici,Termo Focolare,6,0,0,,0,24,1,{{value}},True
18d604a7.feec63,ui_numeric,Min spegnimento,,,Impianti Termici,Termo Focolare,7,0,0,,0,45,15,{{value}},True
c4779277.322ff8,ui_template,,,Clock Toolbar,AI managed,AC / Heat Pump,9,0,0,,,,,"<div ng-init=""
    addToolbarWidget('<div id=\'clockbox\' style=\'float: right; margin-right: 15px; font-size: 16px; font-weight: bold;\'></div>');
    startClock()"">
</div>

<script>
    scope.startClock = function() {
        setInterval(function() {
            var t = new Date();
            var format = t.toLocaleDateString() + ' ' + t.toLocaleTimeString();
            document.getElementById('clockbox').innerHTML = format;
        }, 1000);
    };
</script>
",True
a0b2b287.eaf528,ui_switch,Lavanderia,,,Illuminazione,Illuminazione,6,0,0,,,,,,False
c93d56eb.b0f16,ui_switch,Ingresso Servizio,,,Illuminazione,Illuminazione,8,0,0,,,,,,False
9362f9dc.d6cf28,ui_switch,abilitata,,,Impianti Termici,Pompa Pavimento,1,0,0,,,,,,False
aace977d.16b25,ui_switch,Lampadario tv,,,Illuminazione,Illuminazione,1,0,0,,,,,,True
2f7737f3.e2ff58,ui_switch,Portico Ingresso,,,Illuminazione,Illuminazione,7,0,0,,,,,,False
109744d2.bd61ab,ui_switch,Bagno,,,Illuminazione,Illuminazione,9,0,0,,,,,,True
b6228a3a.440988,ui_switch,Casa modalità vacanza,,,Settaggi,Automatismi,0,0,0,,,,,,False
72c793a1.5f37fc,ui_button,Apri 1st button,,,Ingressi,Cancello garage,2,0,0,,,,,,False
faf3c84d.76b24,ui_text,Cancello garage,,,Ingressi,Cancello garage,1,0,0,,,,,{{msg.payload}},False
4687ef00.94af98,ui_button,Apri 2nd button,,,Ingressi,Cancello garage,3,0,0,,,,,,False
d17c748ec892c494,ui_switch,Tavolino lettura,,,Illuminazione,Illuminazione,5,0,0,,,,,,False
746669b3d131813f,ui_switch,Acceso,,,Termostati,Living,1,0,0,topic,,,,,True
1c1f687e73114a51,ui_gauge,°C,,,Termostati,Living,2,0,0,,16.0,22.0,,{{value}},False
6377419bf79690b0,ui_slider,,,,Termostati,Living,3,0,0,topic,10,22,0.5,,False
ce4c07901d9df049,ui_switch,,,,Termostati,Living,5,6,2,topic,,,,,False
8d118ed51f489093,ui_switch,Acceso,,,Termostati,Bagno Camera,1,0,0,topic,,,,,True
1039ed727c58e23f,ui_gauge,°C,,,Termostati,Bagno Camera,2,0,0,,16.0,22.0,,{{value}},False
b48573a35c749d95,ui_slider,,,,Termostati,Bagno Camera,3,0,0,topic,10,22,0.5,,False
bb426f0e6391e527,ui_switch,,,,Termostati,Bagno Camera,4,6,2,topic,,,,,False
a6f747ee71a32d88,ui_switch,Accensione luci ECO,,,Settaggi,Automatismi,0,0,0,,,,,,False
7db57965.76d468,ui_button,Tasmota Settings,,,Termostati,Living,7,4,1,,,,,,False
5e1f0081.6dc3c,ui_template,,,window redirect,Termostati,Living,4,0,0,,,,,"<script>
(function(scope) {
    scope.$watch('msg.payload', function(data) {
        if (data == ""TasmotaLiving"") {
          //window.location.href = ""http://192.168.1.69"";
          window.open('http://192.168.1.69','_blank'); // <- This is what makes it open in a new window.
        } 
        if (data == ""TasmotaSmallBathroom"") {
          //window.location.href = ""http://192.168.1.68"";
          window.open('http://192.168.1.67','_blank'); // <- This is what makes it open in a new window.
        }
        if (data == ""TasmotaBathroom"") {
          //window.location.href = ""http://192.168.1.68"";
          window.open('http://192.168.1.68','_blank'); // <- This is what makes it open in a new window.
        } 
    });
})(scope);
</script>",False
23caf401.9d6d4c,ui_button,Tasmota Settings,,,Termostati,Bagno Camera,6,4,1,,,,,,False
c68af5b84f78c92e,ui_switch,Luci Piscina AUTO,,,Settaggi,Automatismi,0,0,0,,,,,,False
f14c930f38c55622,ui_gauge,°C,Puffer ACS,,Impianti Termici,Riserva Energia,1,0,0,,15,60,,{{value}},False
e675fa6bcc079df7,ui_switch,abilitata,,,Impianti Termici,Pompa Calore,1,0,0,,,,,,False
8f8545dee9ee759f,ui_text_input,<font size=5>Avvio,,,Impianti Termici,Termo Focolare,2,0,0,topic,,,,,False
9b61cf5580a45fcd,ui_text_input,<font size=5>Spegnimento,,,Impianti Termici,Termo Focolare,3,0,0,topic,,,,,False
3ec10f2b39bea533,ui_switch,Sensore Portico,,,Settaggi,Automatismi,0,0,0,,,,,,False
365a8c9483f36fdb,ui_switch,AC Auto,,,Settaggi,Automatismi,0,0,0,,,,,,False
f08605cca57e4ea0,ui_switch,Solar Divert Mode,,,Impianti Termici,Pompa Calore,1,0,0,,,,,,False
7f4c5ab7d06972f4,ui_chart,,,,Impianti Termici,Immissione in Rete,3,0,0,,,,,,False
f4f2bfdda005961c,ui_switch,Lampada HiFi,,,Illuminazione,Illuminazione,5,0,0,cmnd/tasmota_86AD14/POWER,,,,,False
fe9e45776117b3ef,ui_switch,Controllo Automatico Potenza,,,Impianti Termici,Termo Focolare,10,0,0,topic,,,,,False
4779910914cbd26b,ui_toast,,,,,,,,,,,,,,False
bce4805d1ff68a2e,ui_switch,Acceso,,,Termostati,Bagno Servizio,1,0,0,topic,,,,,True
9aed7fe92d283193,ui_gauge,°C,,,Termostati,Bagno Servizio,2,0,0,,16.0,22.0,,{{value}},False
3e61d0cfe952044f,ui_slider,,,,Termostati,Bagno Servizio,3,0,0,topic,10,22,0.5,,False
7c2c8d08421e6e75,ui_switch,,,,Termostati,Bagno Servizio,4,6,2,topic,,,,,False
814e40e68d1cc9c9,ui_text_input,Min temp,,,Termostati,Bagno Servizio,8,0,0,topic,,,,,True
0e211eaa88c0bfce,ui_text_input,Max temp,,,Termostati,Bagno Servizio,9,0,0,topic,,,,,True
bd10bc4fddbbdf95,ui_button,Tasmota Settings,,,Termostati,Bagno Servizio,6,4,1,,,,,,False
b7a9ec63ac2f5757,ui_slider,Min temp,,,Termostati,Bagno Servizio,9,0,0,topic,16,22,0.5,,False
a409927c4e7d7dd2,ui_slider,Max temp,,,Termostati,Bagno Servizio,9,0,0,topic,16,22,0.5,,False
edd359e59e9359f9,ui_slider,Min temp,,,Termostati,Living,9,0,0,topic,16,22,0.5,,False
eeb42973ece4688b,ui_slider,Max temp,,,Termostati,Living,9,0,0,topic,16,22,0.5,,False
b97bc1c0.cb899,ui_template,,,Clock Toolbar,Zooland Sys,hidden_group,2,0,0,,,,,"<script id=""titleScript"" type=""text/javascript"">

$(function() {
    if($('.md-toolbar-tools').length != 0){
        loadClock();
    }else setTimeout(loadClock, 500)
});

function loadClock(){
    $('#clock').remove();
    var toolbar = $('.md-toolbar-tools');
    
    var div = $('<div/>');
    var p = $('<p/ id=""clock"">');
    
    div.append(p);
    div[0].style.margin = '5px 5px 5px auto';
    toolbar.append(div);

    function displayTitle(lh) {
        p.text(lh); 
    }
    
    function upTime() {
        var d = new Date();
        const options = {
            dateStyle: ""full"",
            timeStyle: ""medium"",
        };
        p.text(d.toLocaleString(""it-IT"", options));
    }

    if(document.clockInterval){ 
            clearInterval(document.clockInterval);
            document.clockInterval = null;
    }
        
    document.clockInterval = setInterval(upTime,1000);
}

</script>",False
e5245e96c84ff633,ui_switch,Sensore Portico,,,Settaggi,Automatismi,0,0,0,,,,,,True
